Año;Mes;TV REG Y LOCAL;TV NACIONAL;RADIO;REVISTAS;PUB EXTERIOR;PERIODICOS;TOTAL CON PERIODICOS;MES_N;TRI;date
2012;ENERO;2459559458;46918289842;24882390241;2793790349;;;77054029890;1;1;2012-01-01 00:00:00
2012;FEBRERO;4494138456;73382575920;31022364989;5086136037;;;113985215402;2;1;2012-02-01 00:00:00
2012;MARZO;4167479966;89553625480;34490425483;6925853750;;;135137384679;3;1;2012-03-01 00:00:00
2012;ABRIL;4668260988;88034205780;33420065825;10642258302;;;136764790895;4;2;2012-04-01 00:00:00
2012;MAYO;4730111316;84459219706;39643196143;11262606985;;;140095134150;5;2;2012-05-01 00:00:00
2012;JUNIO;5470273898;86166922843;40666871628;10216811447;;;142520879816;6;2;2012-06-01 00:00:00
2012;JULIO;5664518856;93137766686;38482006127;9182275733;;;146466567402;7;3;2012-07-01 00:00:00
2012;AGOSTO;6011452797;89784774651;41006925835;8986758959;;;145789912242;8;3;2012-08-01 00:00:00
2012;SEPTIEMBRE;6626448182;1,03272E+11;42451634782;10928197859;;;163278593999;9;3;2012-09-01 00:00:00
2012;OCTUBRE;4312845669;98779604190;42632542767;10025826783;;;155750819409;10;4;2012-10-01 00:00:00
2012;NOVIEMBRE;7157869128;1,03715E+11;45479127138;12740497902;;;169092170884;11;4;2012-11-01 00:00:00
2012;DICIEMBRE;7631140379;86306036207;52330526215;11414637568;;;157682340369;12;4;2012-12-01 00:00:00
2013;ENERO;2747747458;48514116870;26693568621;2745891563;;;80701324512;1;1;2013-01-01 00:00:00
2013;FEBRERO;3612026478;79091213104;33645139378;4942036923;;;121290415883;2;1;2013-02-01 00:00:00
2013;MARZO;4411540997;93343624027;35003768453;8565736516;;;141324669993;3;1;2013-03-01 00:00:00
2013;ABRIL;4797345481;97005660543;39159788438;8502750104;;;149465544566;4;2;2013-04-01 00:00:00
2013;MAYO;5121888613;94564270221;44275657735;11313768141;;;155275584710;5;2;2013-05-01 00:00:00
2013;JUNIO;5248243169;99000665215;45022685978;11147362848;;;160418957210;6;2;2013-06-01 00:00:00
2013;JULIO;5214132237;94917172988;43844560443;8144052900;;;152119918568;7;3;2013-07-01 00:00:00
2013;AGOSTO;5241206459;95350520258;46419672689;9309566802;;;156320966208;8;3;2013-08-01 00:00:00
2013;SEPTIEMBRE;5479273137;1,00827E+11;52647451959;10762074438;;;169715439297;9;3;2013-09-01 00:00:00
2013;OCTUBRE;6101445273;1,0357E+11;48257047676;9470546269;;;167399159814;10;4;2013-10-01 00:00:00
2013;NOVIEMBRE;7428911449;1,04215E+11;52028604138;11772436282;;;175445045810;11;4;2013-11-01 00:00:00
2013;DICIEMBRE;11165975135;88566559927;54609347239;12030511503;;;166372393804;12;4;2013-12-01 00:00:00
2014;ENERO;3382601408;52579758751;29313332607;2434831510;;;87710524277;1;1;2014-01-01 00:00:00
2014;FEBRERO;3990547169;87178179164;39511215694;5713065755;;;136393007782;2;1;2014-02-01 00:00:00
2014;MARZO;4907484372;1,02168E+11;48707704931;8738010828;;;164521434336;3;1;2014-03-01 00:00:00
2014;ABRIL;4341540302;1,03313E+11;38531998049;10044769538;;;156231077944;4;2;2014-04-01 00:00:00
2014;MAYO;6460992092;1,10169E+11;51288083589;10799980626;;;178717589687;5;2;2014-05-01 00:00:00
2014;JUNIO;5629205439;1,28414E+11;53308730359;10107467719;;;197459173108;6;2;2014-06-01 00:00:00
2014;JULIO;5103018613;1,00367E+11;45676132763;5723063205;;;156868850640;7;3;2014-07-01 00:00:00
2014;AGOSTO;6888830521;91300160416;43086981919;7167511830;;;148443484686;8;3;2014-08-01 00:00:00
2014;SEPTIEMBRE;6216127843;95811522008;48009285202;11095500577;;;161132435630;9;3;2014-09-01 00:00:00
2014;OCTUBRE;6432004758;99444282557;49582448652;10101089353;;;165559825320;10;4;2014-10-01 00:00:00
2014;NOVIEMBRE;7412377715;98983237865;50520245120;11158814628;;;168074675328;11;4;2014-11-01 00:00:00
2014;DICIEMBRE;10879447771;85299267435;52680520882;10157915909;;;159017151997;12;4;2014-12-01 00:00:00
2015;ENERO;4519313859;59468813694;30120928116;2943945140;;31986000000;129039000809;1;1;2015-01-01 00:00:00
2015;FEBRERO;4365426106;85207820541;35308565982;4577426653;;39577000000;169036239282;2;1;2015-02-01 00:00:00
2015;MARZO;4059274888;97677979152;42192480867;6032976432;;43715000000;193677711339;3;1;2015-03-01 00:00:00
2015;ABRIL;4686159156;91109153208;41293323608;8451773175;;45110000000;190650409147;4;2;2015-04-01 00:00:00
2015;MAYO;4838618663;89996347587;48066858933;9004369294;;50607000000;202513194477;5;2;2015-05-01 00:00:00
2015;JUNIO;4738858146;1,0793E+11;48849409622;9375494399;;46095000000;216989183321;6;2;2015-06-01 00:00:00
2015;JULIO;5006602957;95775867310;45972750629;7313280549;;41823000000;195891501445;7;3;2015-07-01 00:00:00
2015;AGOSTO;6687609699;86527801955;46714186510;7725441862;;45728000000;193383040026;8;3;2015-08-01 00:00:00
2015;SEPTIEMBRE;7643974017;98636071199;54276259104;10116360654;;49195000000;219867664974;9;3;2015-09-01 00:00:00
2015;OCTUBRE;6784583031;1,06451E+11;56325311831;8737808189;;54073000000;232371339648;10;4;2015-10-01 00:00:00
2015;NOVIEMBRE;6218321373;1,01805E+11;57872962748;11541217981;;53089000000;230526302073;11;4;2015-11-01 00:00:00
2015;DICIEMBRE;11679130520;82342083046;54040473722;9240783026;;53992000000;211294470314;12;4;2015-12-01 00:00:00
2016;ENERO;2605422889;58330197832;29481977385;2510434778;9729209466;27708000000;130365242350;1;1;2016-01-01 00:00:00
2016;FEBRERO;3399442766;79975986289;35562986252;4280204548;9805291002;33846000000;166869910857;2;1;2016-02-01 00:00:00
2016;MARZO;3946228253;88935728415;41987028114;4941251633;9863936204;35650000000;185324172619;3;1;2016-03-01 00:00:00
2016;ABRIL;3685324757;83759952922;41020754040;7827876365;11202663374;40480000000;187976571458;4;2;2016-04-01 00:00:00
2016;MAYO;4105568151;86758456929;39127218279;7490205264;10916058379;39643000000;188040507002;5;2;2016-05-01 00:00:00
2016;JUNIO;3993286101;96619876073;47258433614;6525959631;10443166611;41290000000;206130722030;6;2;2016-06-01 00:00:00
2016;JULIO;4448426036;77311316829;42556129764;5814923675;10969543261;38304000000;179404339565;7;3;2016-07-01 00:00:00
2016;AGOSTO;5301323402;80925273742;44028435689;5692372266;10859984255;42033000000;188840389354;8;3;2016-08-01 00:00:00
2016;SEPTIEMBRE;5039154511;90340230392;47620113266;8193227806;10749126245;42586000000;204527852220;9;3;2016-09-01 00:00:00
2016;OCTUBRE;5637675623;92819873525;44988932624;8820138450;10835566681;43854000000;206956186903;10;4;2016-10-01 00:00:00
2016;NOVIEMBRE;5742303484;88560983255;51362635056;7497336725;12511694866;47202000000;212876953386;11;4;2016-11-01 00:00:00
2016;DICIEMBRE;8468353998;65789099886;52728666205;7921562245;12703404081;50280000000;197891086415;12;4;2016-12-01 00:00:00
2017;ENERO;2575318102;53796564067;27631380241;2622433900;10105446540;25317000000;122048142850;1;1;2017-01-01 00:00:00
2017;FEBRERO;3309724957;71121578380;34819360679;3516955118;14087192124;31023000000;157877811258;2;1;2017-02-01 00:00:00
2017;MARZO;3509826383;84116876421;43191971270;4793569769;14197677459;38441000000;188250921302;3;1;2017-03-01 00:00:00
2017;ABRIL;3104941899;76964633745;39218839081;6842723662;13659079873;34441000000;174231218260;4;2;2017-04-01 00:00:00
2017;MAYO;3985864628;84195133726;45505460908;5696760409;14642395197;41666000000;195691614868;5;2;2017-05-01 00:00:00
2017;JUNIO;3547780638;80581705851;47860879817;5835031719;16552949151;40477000000;194855347176;6;2;2017-06-01 00:00:00
2017;JULIO;3822320805;79997667063;42824141893;6316122754;14973041144;38324000000;186257293659;7;3;2017-07-01 00:00:00
2017;AGOSTO;4643798963;82068323528;45037996851;5453323827;15006907411;39254000000;191464350580;8;3;2017-08-01 00:00:00
2017;SEPTIEMBRE;4375407510;81599352662;46596162850;7802456546;16416406144;40746000000;197535785712;9;3;2017-09-01 00:00:00
2017;OCTUBRE;4529225883;82361997401;46575007043;6933877560;15114672949;41973000000;197487780836;10;4;2017-10-01 00:00:00
2017;NOVIEMBRE;6101222022;78626840612;53471002541;7494487988;17179819165;45155000000;208028372328;11;4;2017-11-01 00:00:00
2017;DICIEMBRE;8393330458;62063458725;55726477206;7758838560;20037641035;48867000000;202846745984;12;4;2017-12-01 00:00:00
2018;ENERO;2947625834;45572165139;29373142620;2704855446;11402627200;25647000000;117647416239;1;1;2018-01-01 00:00:00
2018;FEBRERO;3376471770;67045117095;40300605273;3636220582;14526694201;31612000000;160497108921;2;1;2018-02-01 00:00:00
2018;MARZO;3638989659;79339616598;47677822481;4154585416;14518846578;33517000000;182846860732;3;1;2018-03-01 00:00:00
2018;ABRIL;3904023495;82202090301;45172262784;4906467034;15443178675;34482000000;186110022289;4;2;2018-04-01 00:00:00
2018;MAYO;4302109634;90392758060;50195959707;6130888335;16707662235;37457000000;205186377971;5;2;2018-05-01 00:00:00
2018;JUNIO;3717935641;95050606010;54421041955;4208488215;16157741846;38003000000;211558813667;6;2;2018-06-01 00:00:00
2018;JULIO;4525545786;78455805310;47034911005;6734414125;11779256410;32965000000;181494932636;7;3;2018-07-01 00:00:00
2018;AGOSTO;4165311599;69670315317;43021492298;5737492154;12484448658;33845000000;168924060026;8;3;2018-08-01 00:00:00
2018;SEPTIEMBRE;3954629713;76766992182;44874627886;5353551581;14021187339;36554000000;181524988701;9;3;2018-09-01 00:00:00
2018;OCTUBRE;4143585536;74353213866;45869491813;5538552174;17166041947;35544000000;182614885336;10;4;2018-10-01 00:00:00
2018;NOVIEMBRE;5683154648;76189844859;50061339970;5377981934;18917766223;38424000000;194654087634;11;4;2018-11-01 00:00:00
2018;DICIEMBRE;8014801784;54721466019;51182340613;5504831803;21042573594;40033000000;180499013813;12;4;2018-12-01 00:00:00
2019;ENERO;2780518292;35188841393;26732192002;1485199957;11566468059;19610000000;97363219703;1;1;2019-01-01 00:00:00
2019;FEBRERO;3430116635;54383268608;33628000129;2496421823;15516326028;26478000000;135932133223;2;1;2019-02-01 00:00:00
2019;MARZO;3363909591;72230949859;41170275905;3110674541;18760158832;30942000000;169577968728;3;1;2019-03-01 00:00:00
2019;ABRIL;3465514822;78566955905;39619506776;3644260872;16657270205;26385000000;168338508580;4;2;2019-04-01 00:00:00
2019;MAYO;4805329504;82801205820;44315838584;4776728928;18502578575;31892000000;187093681411;5;2;2019-05-01 00:00:00
2019;JUNIO;4280244413;95129637667;49827669766;3648055083;18111791041;34046000000;205043397970;6;2;2019-06-01 00:00:00
2019;JULIO;6240369045;78922567858;46432466628;4666144128;17189499456;33449000000;186900047115;7;3;2019-07-01 00:00:00
2019;AGOSTO;5665877871;78206732147;44825522021;4543785100;15359749091;30273000000;178874666230;8;3;2019-08-01 00:00:00
2019;SEPTIEMBRE;6822517479;78680972992;49868374513;3818940340;18196028488;31769000000;189155833812;9;3;2019-09-01 00:00:00
2019;OCTUBRE;5451576039;88251233835;52268227869;4822607349;17652120714;35597000000;204042765806;10;4;2019-10-01 00:00:00
2019;NOVIEMBRE;5818204128;82232178191;55493911457;4981462558;19315965717;38007000000;205848722051;11;4;2019-11-01 00:00:00
2019;DICIEMBRE;8593199599;64463447819;57738226547;6041993267;23060808164;38149000000;198046675396;12;4;2019-12-01 00:00:00
2020;ENERO;2475864890;40289583217;23976921484;1792998566;9415949902;18066000000;96017318059;1;1;2020-01-01 00:00:00
2020;FEBRERO;2736710211;57790472606;32589515116;1850733974;14494884315;23906000000;133368316222;2;1;2020-02-01 00:00:00
2020;MARZO;2137825779;60483548316;29708892061;1979316601;10166795895;20714000000;125190378652;3;1;2020-03-01 00:00:00
2020;ABRIL;2845323180;45307082667;18200798967;1104966085;2426391100;10212000000;80096561999;4;2;2020-04-01 00:00:00
2020;MAYO;3203758167;49637227363;20503556224;718231021;1647395811;12396000000;88106168586;5;2;2020-05-01 00:00:00
2020;JUNIO;4114652357;53449000383;23288813393;1561051638;1822984472;14215000000;98451502243;6;2;2020-06-01 00:00:00
2020;JULIO;3424563256;59930555500;26497875387;1335364148;2563271660;14999000000;108750629951;7;3;2020-07-01 00:00:00
2020;AGOSTO;3507913177;59570493568;26740668572;2117345418;2640787735;17064000000;111641208470;8;3;2020-08-01 00:00:00
2020;SEPTIEMBRE;5547266752;73485327003;31494813743;1616140306;5593438265;18944000000;136680986069;9;3;2020-09-01 00:00:00
2020;OCTUBRE;5556573971;85400384269;35446915173;1883518196;6478975211;21919000000;156685366820;10;4;2020-10-01 00:00:00
2020;NOVIEMBRE;8271392342;97145270922;47056935883;2213337101;9810180503;25386000000;189883116751;11;4;2020-11-01 00:00:00
2020;DICIEMBRE;12286346238;80934575867;58231901052;1433968029;15176847519;27582000000;195645638705;12;4;2020-12-01 00:00:00
2021;ENERO;3004543137;37381953361;21286420987;510839127;6106470256;12023000000;80313226868;1;1;2021-01-01 00:00:00
2021;FEBRERO;3595372355;63518247367;28171346828;1017504619;5929099487;17138000000;119369570656;2;1;2021-02-01 00:00:00
2021;MARZO;4046232498;84709794148;35913525258;1302676115;11165846268;19568000000;156706074287;3;1;2021-03-01 00:00:00
2021;ABRIL;3802514929;79133109278;34342125130;1126853384;10135502302;19188000000;147728105023;4;2;2021-04-01 00:00:00
2021;MAYO;4365342569;67422666733;30092652727;1120724814;9862500507;17099000000;129962887350;5;2;2021-05-01 00:00:00
2021;JUNIO;6226700496;97435852721;40918946125;1382088818;10510300270;19207000000;175680888430;6;2;2021-06-01 00:00:00
2021;JULIO;5794471625;99116117917;43462295752;1900588354;11992514311;20005000000;182270987959;7;3;2021-07-01 00:00:00
2021;AGOSTO;6672871209;93229366837;41853577937;1830643166;13260407774;22354000000;179200866923;8;3;2021-08-01 00:00:00
2021;SEPTIEMBRE;6391443522;1,03056E+11;43707285845;808296305;15187135896;22834000000;191983674816;9;3;2021-09-01 00:00:00
2021;OCTUBRE;7117210243;1,0943E+11;49892908147;1260884313;17732369151;25572000000;211005015849;10;4;2021-10-01 00:00:00
2021;NOVIEMBRE;7617138710;1,10088E+11;61480865014;1366068637;24166584000;27468000000;232186955160;11;4;2021-11-01 00:00:00
2021;DICIEMBRE;11361052279;92547048173;68061876270;1104658704;30558343403;31419000000;235051978829;12;4;2021-12-01 00:00:00
2022;ENERO;2683249406;45976437668;28360814596;264940806;14897998455;14499000000;106682440931;1;1;2022-01-01 00:00:00
2022;FEBRERO;3530197842;79063018507;37318118350;852948378;19419602258;20085000000;160268885335;2;1;2022-02-01 00:00:00
2022;MARZO;4694858766;97475440463;50789560862;729137666;19388882404;25104000000;198181880161;3;1;2022-03-01 00:00:00
2022;ABRIL;3814914349;84778481152;41433026671;917415688;18317574179;20496000000;169757412039;4;2;2022-04-01 00:00:00
2022;MAYO;5856120487;99722769015;47278483182;1221902763;21872449191;21834000000;197785724638;5;2;2022-05-01 00:00:00
2022;JUNIO;4798654143;91230597524;48254724828;778131354;18535421362;23492000000;187089529211;6;2;2022-06-01 00:00:00
2022;JULIO;5618630832;80913027798;42193508943;1063955675;19496269545;20817000000;170102392793;7;3;2022-07-01 00:00:00
2022;AGOSTO;6348982976;83311953056;45161629889;1016706407;22865676939;21882000000;180586949267;8;3;2022-08-01 00:00:00
2022;SEPTIEMBRE;5387305778;91082076304;49970007120;1015441394;25307803085;22859000000;195621633681;9;3;2022-09-01 00:00:00
2022;OCTUBRE;6561286657;90994957933;52361819536;1164754537;26455720959;23666000000;201204539622;10;4;2022-10-01 00:00:00
2022;NOVIEMBRE;8238077423;1,14288E+11;65238204764;1299496835;29108523818;26506000000;244678770155;11;4;2022-11-01 00:00:00
2022;DICIEMBRE;13368465015;85100163969;70428148698;1145300743;39075389009;28261000000;237378467434;12;4;2022-12-01 00:00:00
2023;ENERO;2148659361;43913073394;26847777922;291869029;14767221731;12400000000;100368601437;1;1;2023-01-01 00:00:00
2023;FEBRERO;3273211026;70106039971;36021478128;564001202;17547025088;15946000000;143457755415;2;1;2023-02-01 00:00:00
2023;MARZO;3051958804;74969675791;39792164358;833088728;22003868106;17997000000;158647755787;3;1;2023-03-01 00:00:00
2023;ABRIL;4013238669;73889128632;36759342129;916120242;17610308293;16290000000;149478137965;4;2;2023-04-01 00:00:00
2023;MAYO;4649292484;81635799168;45078530988;1123807976;19975401403;19684000000;172146832019;5;2;2023-05-01 00:00:00
2023;JUNIO;6241177956;89921480516;49271514474;829961573;23463307025;18843000000;188570441544;6;2;2023-06-01 00:00:00
2023;JULIO;4374695882;86235815502;42731368616;1142397488;23997042372;17614000000;176095319860;7;3;2023-07-01 00:00:00
2023;AGOSTO;4875311261;83662123820;48807286758;888861823;25723230381;19737000000;183693814043;8;3;2023-08-01 00:00:00
2023;SEPTIEMBRE;5348564481;93417045935;58414263507;749355064;26447882688;21362000000;205739111675;9;3;2023-09-01 00:00:00
2023;OCTUBRE;6070061619;1,03997E+11;64189304860;891892238;26822624302;26061000000;228031615042;10;4;2023-10-01 00:00:00
2023;NOVIEMBRE;6101135315;1,07884E+11;62118198010;1433589186;29890149298;25293000000;232719988907;11;4;2023-11-01 00:00:00
2023;DICIEMBRE;8890783912;65438845069;68085820550;848474524;31098735135;26175000000;200537659190;12;4;2023-12-01 00:00:00
2024;ENERO;1918754020;41324936071;26160865092;192685751;13779244669;11980000000;95356485603;1;1;2024-01-01 00:00:00
2024;FEBRERO;2654913963;65871357383;33930140996;470852814;15360869158;15163000000;133451134314;2;1;2024-02-01 00:00:00
2024;MARZO;3102567686;68125209900;38310045035;722019494;19933377615;15249000000;145442219730;3;1;2024-03-01 00:00:00
2024;ABRIL;3516570301;76789015878;41894455328;829545488;21874753051;16862000000;161766340046;4;2;2024-04-01 00:00:00
2024;MAYO;4184657322;85685330278;46708981766;1045156416;21161662591;16884000000;175669788373;5;2;2024-05-01 00:00:00
2024;JUNIO;3088572991;90530358210;50580819461;770726150;25840383191;16359000000;187169860003;6;2;2024-06-01 00:00:00
2024;JULIO;3283883838;97909306624;48246281289;947850561;26766513676;18959000000;196112835988;7;3;2024-07-01 00:00:00
2024;AGOSTO;3860767130;82441579634;44916918987;727975979;24604946914;18566000000;175118188644;8;3;2024-08-01 00:00:00
2024;SEPTIEMBRE;3841148317;91521247629;50772626983;545934836;25897660715;19418000000;191996618480;9;3;2024-09-01 00:00:00
2024;OCTUBRE;5042694907;94774686770;50968541964;817838068;28170804072;22364000000;202138565781;10;4;2024-10-01 00:00:00
2024;NOVIEMBRE;5735850589;95615232070;58814685316;801824922;32511480320;21689000000;213123163898;11;4;2024-11-01 00:00:00
2024;DICIEMBRE;11885960287;64722000012;67578063314;749801294;38839182488;22077000000;205852007395;12;4;2024-12-01 00:00:00
2025;ENERO;1971297406;42540406523;27987256802;57938762;15585352885;11564000000;99706252378;1;1;2025-01-01 00:00:00
2025;FEBRERO;2379628810;66238683602;36026051780;429110349;22633186281;13364000000;141070660822;2;1;2025-02-01 00:00:00
2025;MARZO;2540277805;79799867060;39721675419;556009759;22477482735;15595000000;160690312778;3;1;2025-03-01 00:00:00
2025;ABRIL;2833777018;70267197054;40165953860;502867581;21213550157;14114000000;149097345670;4;2;2025-04-01 00:00:00
2025;MAYO;5258280084;78956606120;47057074396;510711495;25741600179;16744000000;174268272274;5;2;2025-05-01 00:00:00
2025;JUNIO;4082097983;86097379514;49710439478;678636032;28019679994;16359000000;184947233001;6;2;2025-06-01 00:00:00
2025;JULIO;4552067459;77131151757;47144622937;735362325;29122244035;17466000000;176151448513;7;3;2025-07-01 00:00:00
2025;AGOSTO;5163000764;74842956165;44365851100;604853001;26507023596;17032000000;168515684626;8;3;2025-08-01 00:00:00
2025;SEPTIEMBRE;6037392965;94235352191;50871785946;589543213;28334296172;18386000000;198454370487;9;3;2025-09-01 00:00:00
2025;OCTUBRE;7387951583;93330703607;52157544845;683433959;30995866341;19251000000;203806500335;10;4;2025-10-01 00:00:00
2025;NOVIEMBRE;7830011259;80017786296;59272017292;823862927;37510713963;22839000000;203954391737;11;4;2025-11-01 00:00:00